TypeInput	RA	DE	Plx	e_Plx	RV	e_RV	RVdist	pmRA	e_pmRA	pmDE	e_pmDE	Source
1	05 26 29.249	42 56 10.497	0.30848326	0.0489	0	0	0	0.846	0.059	-3.886	0.045	195633320791780608
1	05 26 30.155	42 56 23.099	0.31863054	0.0544	0	0	0	1.408	0.064	-2.592	0.046	195633325090480896
1	05 27 16.157	42 17 47.046	0.25712579	0.0240	0	0	0	-0.068	0.028	-0.170	0.019	195365594010029440
1	05 24 16.850	42 18 23.985	0.28059315	0.0219	0	0	0	0.160	0.025	-0.218	0.020	195052027036610048
1	05 21 08.064	43 04 32.745	0.28114515	0.0192	0	0	0	0.476	0.023	-0.550	0.016	207333812437636608
1	05 26 37.522	43 01 10.963	0.25281930	0.0176	0	0	0	0.138	0.024	0.311	0.017	195645832035222400
1	05 29 24.882	43 06 59.433	0.24000569	0.0188	0	0	0	0.288	0.021	-0.305	0.015	195474273863568000
