TypeInput	RA	DE	Plx	e_Plx	RV	e_RV	RVdist	pmRA	e_pmRA	pmDE	e_pmDE	Source
1	05 26 30.155	42 56 23.099	0.31863054	0.0544	0.0	0.0	0.0	1.408	0.064	-2.592	0.046	1.956333250904809e+17
1	05 26 29.249	42 56 10.497	0.30848326	0.0489	0.0	0.0	0.0	0.846	0.059	-3.886	0.045	1.956333207917806e+17
1	05 26 30.155	42 56 23.099	0.3444	0.0	0.0	0.0	0.0	1.55588	0.0	-2.53767	0.0	0.0
1	05 26 29.249	42 56 10.497	0.34441	0.0	0.0	0.0	0.0	0.78149	0.0	-3.90983	0.0	0.0
