TypeInput	RA	DE	Plx	e_Plx	RV	e_RV	RVdist	pmRA	e_pmRA	pmDE	e_pmDE	Source
1	05 39 44.415	27 46 51.038	0.68344334	0.0283	0	0	0	12.228	0.036	-9.407	0.017	3441732292729818752
1	05 26 29.249	42 56 10.497	0.30848326	0.0489	0	0	0	0.846	0.059	-3.886	0.045	195633320791780608
