TypeInput	RA	DE	Plx	e_Plx	RV	e_RV	RVdist	pmRA	e_pmRA	pmDE	e_pmDE	Source
1	05 26 30.155	42 56 23.099	0.31863054	0.0544	0	0	0	1.408	0.064	-2.592	0.046	195633325090480896
1	05 26 29.249	42 56 10.497	0.30848326	0.0489	0	0	0	0.846	0.059	-3.886	0.045	195633320791780608
